WKT,nama,deskripsi
"POLYGON ((106.734507 -6.440781, 106.7412017 -6.4473484, 106.750643 -6.4477749, 106.7600843 -6.4464955, 106.768839 -6.4438513, 106.781885 -6.4397575, 106.7897815 -6.4435102, 106.8079773 -6.4452159, 106.8227401 -6.4479451, 106.8392194 -6.4516977, 106.8550121 -6.4537446, 106.8591319 -6.4580089, 106.8649683 -6.459544, 106.8725214 -6.4578383, 106.8764695 -6.4621026, 106.8824776 -6.4598852, 106.8879708 -6.4540858, 106.8920906 -6.4428279, 106.8965538 -6.4302051, 106.8948372 -6.4267935, 106.8986137 -6.418435, 106.8988712 -6.413488, 106.9003303 -6.4080293, 106.9003303 -6.3974528, 106.8953521 -6.388582, 106.8956955 -6.3815877, 106.8884857 -6.3788582, 106.8902667 -6.3767258, 106.8882282 -6.3746359, 106.8884857 -6.3693047, 106.8842801 -6.3695179, 106.8819627 -6.3716078, 106.8789586 -6.371821, 106.8769845 -6.371693, 106.8684016 -6.3636747, 106.8544971 -6.3638453, 106.8536174 -6.3590257, 106.851536 -6.3567652, 106.8470299 -6.3563387, 106.8376745 -6.352756, 106.8263449 -6.3493438, 106.8201651 -6.3578741, 106.8042008 -6.369305, 106.7927854 -6.3668311, 106.7881935 -6.3662766, 106.7842881 -6.3633335, 106.7859191 -6.3551871, 106.7892665 -6.349941, 106.800081 -6.3404723, 106.8079773 -6.3220461, 106.8067757 -6.3174397, 106.8028276 -6.3164586, 106.7975062 -6.3173543, 106.7890948 -6.3215344, 106.7801685 -6.3169277, 106.7760486 -6.316757, 106.7774219 -6.3215343, 106.7772502 -6.3302356, 106.7753621 -6.3413253, 106.7735596 -6.3426902, 106.7738171 -6.3443962, 106.7736454 -6.347979, 106.7647191 -6.3537797, 106.7564795 -6.3578742, 106.7551062 -6.3640159, 106.7451498 -6.3711811, 106.7478964 -6.3803934, 106.7448066 -6.3899467, 106.7406868 -6.4029116, 106.7345069 -6.4138292, 106.7327904 -6.4237231, 106.7322754 -6.4302051, 106.734507 -6.440781))",Poligon 3( Kota Administrasi Depok, Jawa Barat),
